cluster_id,n_nodes,n_seed,sum_kzt_internal,top_gids,hypothesis
1,265,1,29623696.59,100000006866783100;100000000437046100;100000008477350100;100000002957787100;100000004400305100,Группа вокруг одного seed; наблюдаемая структура требует проверки без вывода о виновности.
2,166,8,22599859.56,100000003016635100;100000004156082100;100000001530983100;100000006579678100;100000005287097100,Крупная группа с 8 seed; выражены точки консолидации/распределения. Гипотеза для проверки.
3,151,5,19360639.0,100000003684369100;100000008165763100;100000007908818100;100000008304139100;100000005612411100,Крупная группа с 5 seed; выражены точки консолидации/распределения. Гипотеза для проверки.
4,150,1,5518694.0,100000002527114100;100000001697501100;100000002733905100;100000001166289100;100000003942602100,Группа вокруг одного seed; наблюдаемая структура требует проверки без вывода о виновности.
5,134,1,26049950.33,100000000331309100;100000003796063100;100000006274203100;100000006889963100;100000005665181100,Группа вокруг одного seed; наблюдаемая структура требует проверки без вывода о виновности.
6,121,4,19946834.02,100000001616816100;100000005514161100;100000005782781100;100000004015047100;100000002921047100,"Связаны 4 seed и bridge-узел; возможна общая финансовая инфраструктура, требует проверки."
7,120,0,4465650.0,100000002578405100;100000008493007100;100000001632325100;100000004292885100;100000008712827100,Группа без seed в наблюдаемом фрагменте; роль определяется только структурой переводов.
8,106,0,6254194.67,100000005473151100;100000005704413100;100000008545727100;100000005578559100;100000008104567100,Группа без seed в наблюдаемом фрагменте; роль определяется только структурой переводов.
9,104,0,11039673.0,100000008603629100;100000001857829100;100000003880331100;100000004679953100;100000008121806100,Группа без seed в наблюдаемом фрагменте; роль определяется только структурой переводов.
10,74,0,16548311.0,100000008489922100;100000008547948100;100000008710791100;100000008517538100;100000008752616100,Группа без seed в наблюдаемом фрагменте; роль определяется только структурой переводов.
11,56,3,13397542.0,100000008547844100;100000008637537100;100000008466579100;100000008465789100;100000003589877100,"Связаны 3 seed и bridge-узел; возможна общая финансовая инфраструктура, требует проверки."
12,53,1,3021863.0,100000001899164100;100000003265158100;100000004386258100;100000008636603100;100000002193259100,Группа вокруг одного seed; наблюдаемая структура требует проверки без вывода о виновности.
13,53,1,5947339.0,100000000343175100;100000003115284100;100000003635170100;100000003390036100;100000008730846100,Группа вокруг одного seed; наблюдаемая структура требует проверки без вывода о виновности.
14,51,0,13990812.0,100000008512827100;100000008742053100;100000001282143100;100000002956769100;100000002443664100,Группа без seed в наблюдаемом фрагменте; роль определяется только структурой переводов.
15,50,3,4135421.0,100000005074393100;100000008346837100;100000006424479100;100000008733194100;100000001236706100,"Связаны 3 seed и bridge-узел; возможна общая финансовая инфраструктура, требует проверки."
16,44,0,10215968.84,100000005933757100;100000001937767100;100000004159526100;100000002963189100;100000002605308100,Группа без seed в наблюдаемом фрагменте; роль определяется только структурой переводов.
17,41,0,5151924.19,100000003242289100;100000008413748100;100000008512552100;100000006225798100;100000003178549100,Группа без seed в наблюдаемом фрагменте; роль определяется только структурой переводов.
18,31,0,8282505.0,100000008743913100;100000008710843100;100000001887715100;100000008758168100;100000002748532100,Группа без seed в наблюдаемом фрагменте; роль определяется только структурой переводов.
19,30,1,4579928.59,100000002838861100;100000003071930100;100000006972210100;100000000190228100;100000001162560100,Группа вокруг одного seed; наблюдаемая структура требует проверки без вывода о виновности.
20,26,0,2990118.0,100000003854444100;100000003873332100;100000008546855100;100000001049200100;100000008647905100,Группа без seed в наблюдаемом фрагменте; роль определяется только структурой переводов.
21,26,14,2289450.0,100000005382566100;100000004403675100;100000005264990100;100000008254069100;100000004041163100,Крупная группа с 14 seed; выражены точки консолидации/распределения. Гипотеза для проверки.
22,25,0,5089597.0,100000005527892100;100000008343874100;100000000724540100;100000002459832100;100000002936322100,Группа без seed в наблюдаемом фрагменте; роль определяется только структурой переводов.
23,20,0,617900.0,100000003154105100;100000000723383100;100000001427082100;100000002185328100;100000002448088100,Группа без seed в наблюдаемом фрагменте; роль определяется только структурой переводов.
24,18,0,3422800.0,100000003701161100;100000008137435100;100000002267998100;100000003718221100;100000001063678100,Группа без seed в наблюдаемом фрагменте; роль определяется только структурой переводов.
25,17,1,21586840.0,100000002224132100;100000004603109100;100000004892144100;100000001965374100;100000005664922100,Группа вокруг одного seed; наблюдаемая структура требует проверки без вывода о виновности.
26,17,1,2977887.0,100000004160650100;100000002731501100;100000004007116100;100000004144536100;100000001330595100,Группа вокруг одного seed; наблюдаемая структура требует проверки без вывода о виновности.
27,15,0,850450.0,100000001526235100;100000002472632100;100000001788284100;100000005505655100;100000002984403100,Группа без seed в наблюдаемом фрагменте; роль определяется только структурой переводов.
28,15,0,3626010.0,100000008461532100;100000006704530100;100000000791285100;100000003122817100;100000002691583100,Группа без seed в наблюдаемом фрагменте; роль определяется только структурой переводов.
29,14,0,1605604.0,100000007382543100;100000003001661100;100000008213966100;100000008655779100;100000000838385100,Группа без seed в наблюдаемом фрагменте; роль определяется только структурой переводов.
30,13,1,1392916.0,100000006232815100;100000001380054100;100000003164661100;100000000703894100;100000006734554100,Группа вокруг одного seed; наблюдаемая структура требует проверки без вывода о виновности.
31,13,0,6748650.0,100000007442518100;100000008258083100;100000000673868100;100000002911170100;100000000821507100,Группа без seed в наблюдаемом фрагменте; роль определяется только структурой переводов.
32,11,0,3784703.0,100000002175422100;100000003004487100;100000001317336100;100000003557488100;100000002710570100,Группа без seed в наблюдаемом фрагменте; роль определяется только структурой переводов.
33,10,0,1929434.85,100000007639767100;100000002741024100;100000007629096100;100000001439416100;100000008701256100,Группа без seed в наблюдаемом фрагменте; роль определяется только структурой переводов.
34,10,0,322010.0,100000008172352100;100000007322059100;100000004552204100;100000000993112100;100000002691858100,Группа без seed в наблюдаемом фрагменте; роль определяется только структурой переводов.
35,9,0,1406982.0,100000002217161100;100000001445848100;100000007647294100;100000008254576100;100000000954884100,Группа без seed в наблюдаемом фрагменте; роль определяется только структурой переводов.
36,8,0,2473417.91,100000004906181100;100000008175078100;100000008675322100;100000000557536100;100000008349740100,Группа без seed в наблюдаемом фрагменте; роль определяется только структурой переводов.
37,8,0,389000.0,100000005507142100;100000002612809100;100000001825934100;100000005264874100;100000002214207100,Группа без seed в наблюдаемом фрагменте; роль определяется только структурой переводов.
38,7,0,143000.0,100000005911352100;100000004508696100;100000000507799100;100000003962994100;100000005127767100,Группа без seed в наблюдаемом фрагменте; роль определяется только структурой переводов.
39,7,0,3077000.0,100000002241986100;100000001053894100;100000002594214100;100000004047887100;100000001286703100,Группа без seed в наблюдаемом фрагменте; роль определяется только структурой переводов.
40,7,0,1765600.0,100000007392365100;100000007865484100;100000008551752100;100000003631015100;100000004976946100,Группа без seed в наблюдаемом фрагменте; роль определяется только структурой переводов.
41,7,0,1268308.0,100000008011159100;100000006169033100;100000005754335100;100000003888527100;100000006232642100,Группа без seed в наблюдаемом фрагменте; роль определяется только структурой переводов.
42,6,1,1615030.0,100000008659445100;100000008193577100;100000008736940100;100000008751429100;100000005456919100,Группа вокруг одного seed; наблюдаемая структура требует проверки без вывода о виновности.
43,6,1,1527967.0,100000000580561100;100000005183943100;100000007939160100;100000003888271100;100000007930878100,Группа вокруг одного seed; наблюдаемая структура требует проверки без вывода о виновности.
44,6,0,2540000.0,100000004717647100;100000004479404100;100000002922000100;100000002659103100;100000001533161100,Группа без seed в наблюдаемом фрагменте; роль определяется только структурой переводов.
45,6,1,275885.0,100000005485830100;100000005895525100;100000002462183100;100000007175718100;100000005056870100,Группа вокруг одного seed; наблюдаемая структура требует проверки без вывода о виновности.
46,6,0,2534500.0,100000004722765100;100000003747133100;100000005075949100;100000002578653100;100000006527156100,Группа без seed в наблюдаемом фрагменте; роль определяется только структурой переводов.
47,6,0,1563065.0,100000004017410100;100000005519998100;100000004336312100;100000003934614100;100000005767403100,Группа без seed в наблюдаемом фрагменте; роль определяется только структурой переводов.
48,6,1,383300.0,100000004331458100;100000005546031100;100000004094958100;100000005363908100;100000005547096100,Группа вокруг одного seed; наблюдаемая структура требует проверки без вывода о виновности.
49,5,0,1189154.0,100000000291906100;100000004670388100;100000000291908100;100000004722630100;100000004691350100,Группа без seed в наблюдаемом фрагменте; роль определяется только структурой переводов.
50,5,0,172000.0,100000005031696100;100000004659919100;100000001223977100;100000002700161100;100000008461217100,Группа без seed в наблюдаемом фрагменте; роль определяется только структурой переводов.
51,5,0,338950.0,100000004715209100;100000008190411100;100000003133045100;100000004747154100;100000001498732100,Группа без seed в наблюдаемом фрагменте; роль определяется только структурой переводов.
52,5,1,2809200.0,100000004135268100;100000008571433100;100000002738256100;100000007507343100;100000004979498100,Группа вокруг одного seed; наблюдаемая структура требует проверки без вывода о виновности.
53,5,2,108007.0,100000006562026100;100000006249740100;100000007347733100;100000008129393100;100000006831291100,Группа без seed в наблюдаемом фрагменте; роль определяется только структурой переводов.
54,4,0,518000.0,100000002205022100;100000003163886100;100000000629812100;100000001380107100,Группа без seed в наблюдаемом фрагменте; роль определяется только структурой переводов.
55,4,1,1404980.0,100000008601794100;100000001872484100;100000000785800100;100000002459163100,Группа вокруг одного seed; наблюдаемая структура требует проверки без вывода о виновности.
56,4,0,1595700.0,100000001052945100;100000001131403100;100000004616845100;100000005146665100,Группа без seed в наблюдаемом фрагменте; роль определяется только структурой переводов.
57,4,0,832800.0,100000008625905100;100000003159641100;100000001065234100;100000002194320100,Группа без seed в наблюдаемом фрагменте; роль определяется только структурой переводов.
58,4,1,79050.0,100000006888238100;100000003148220100;100000001852140100;100000004971871100,Группа вокруг одного seed; наблюдаемая структура требует проверки без вывода о виновности.
59,4,0,332709.0,100000002513028100;100000004610802100;100000002516862100;100000004780083100,Группа без seed в наблюдаемом фрагменте; роль определяется только структурой переводов.
60,4,2,1499679.0,100000008418835100;100000008730021100;100000008701944100;100000004269433100,Группа без seed в наблюдаемом фрагменте; роль определяется только структурой переводов.
61,3,1,450000.0,100000002371751100;100000000769919100;100000007018630100,Группа вокруг одного seed; наблюдаемая структура требует проверки без вывода о виновности.
62,3,0,120000.0,100000003221510100;100000002505277100;100000001733216100,Группа без seed в наблюдаемом фрагменте; роль определяется только структурой переводов.
63,3,0,553830.0,100000003321895100;100000003692843100;100000002371892100,Группа без seed в наблюдаемом фрагменте; роль определяется только структурой переводов.
64,3,1,390167.62,100000002781227100;100000002796853100;100000008522127100,Группа вокруг одного seed; наблюдаемая структура требует проверки без вывода о виновности.
65,3,0,1557988.0,100000008258458100;100000004035925100;100000008619159100,Группа без seed в наблюдаемом фрагменте; роль определяется только структурой переводов.
66,3,1,450816.0,100000005034574100;100000007283257100;100000004388983100,Группа вокруг одного seed; наблюдаемая структура требует проверки без вывода о виновности.
67,3,0,627870.0,100000008628231100;100000004666651100;100000005664632100,Группа без seed в наблюдаемом фрагменте; роль определяется только структурой переводов.
68,2,0,761255.0,100000000583220100;100000004586598100,Группа без seed в наблюдаемом фрагменте; роль определяется только структурой переводов.
69,2,1,30000.0,100000003980083100;100000003200071100,Группа вокруг одного seed; наблюдаемая структура требует проверки без вывода о виновности.
70,2,1,81465.0,100000003865939100;100000005392290100,Группа вокруг одного seed; наблюдаемая структура требует проверки без вывода о виновности.
71,2,0,584900.0,100000008430691100;100000007330432100,Группа без seed в наблюдаемом фрагменте; роль определяется только структурой переводов.
72,2,0,300000.0,100000007898453100;100000008427027100,Группа без seed в наблюдаемом фрагменте; роль определяется только структурой переводов.
73,1,1,0.0,100000000456947100,Группа вокруг одного seed; наблюдаемая структура требует проверки без вывода о виновности.
74,1,1,0.0,100000003265658100,Группа вокруг одного seed; наблюдаемая структура требует проверки без вывода о виновности.
75,1,1,0.0,100000003349739100,Группа вокруг одного seed; наблюдаемая структура требует проверки без вывода о виновности.
76,1,1,0.0,100000003770083100,Группа вокруг одного seed; наблюдаемая структура требует проверки без вывода о виновности.
77,1,1,0.0,100000004021459100,Группа вокруг одного seed; наблюдаемая структура требует проверки без вывода о виновности.
78,1,1,0.0,100000004174835100,Группа вокруг одного seed; наблюдаемая структура требует проверки без вывода о виновности.
79,1,1,0.0,100000005017150100,Группа вокруг одного seed; наблюдаемая структура требует проверки без вывода о виновности.
80,1,1,0.0,100000005087431100,Группа вокруг одного seed; наблюдаемая структура требует проверки без вывода о виновности.
81,1,1,0.0,100000005235389100,Группа вокруг одного seed; наблюдаемая структура требует проверки без вывода о виновности.
82,1,1,0.0,100000005480435100,Группа вокруг одного seed; наблюдаемая структура требует проверки без вывода о виновности.
83,1,1,0.0,100000005495722100,Группа вокруг одного seed; наблюдаемая структура требует проверки без вывода о виновности.
84,1,1,0.0,100000005550592100,Группа вокруг одного seed; наблюдаемая структура требует проверки без вывода о виновности.
85,1,1,0.0,100000005560900100,Группа вокруг одного seed; наблюдаемая структура требует проверки без вывода о виновности.
86,1,1,0.0,100000005568407100,Группа вокруг одного seed; наблюдаемая структура требует проверки без вывода о виновности.
87,1,1,0.0,100000008117324100,Группа вокруг одного seed; наблюдаемая структура требует проверки без вывода о виновности.
88,1,1,0.0,100000008205000100,Группа вокруг одного seed; наблюдаемая структура требует проверки без вывода о виновности.
89,1,1,0.0,100000008513251100,Группа вокруг одного seed; наблюдаемая структура требует проверки без вывода о виновности.
90,1,1,0.0,100000008669037100,Группа вокруг одного seed; наблюдаемая структура требует проверки без вывода о виновности.
91,1,1,0.0,100000008701222100,Группа вокруг одного seed; наблюдаемая структура требует проверки без вывода о виновности.
